id,name,distance_ly,constellation,ra_deg,dec_deg,spectral_class,mass_msun,app_mag,abs_mag,parallax_mas
tvlm-513-46,TVLM 513-46,35,,225.28390833333333,22.833637777777778,M8.5V C,0.09,15.1,14.9,93.166
v857-cen,V* V857 Cen,35.1,,172.93960833333335,-41.04567722222222,M3.5,0.3,11.5,11.4,92.928
1rxs-j1214080-234516,1RXS J121408.0-234516,35.1,,183.53637916666665,-23.754322777777777,M4.5,0.2,14,13.8,92.889
gliese-9349,Gliese 9349,35.1,,167.37672500000002,-24.600629722222223,M2V,0.45,10.4,10.3,92.804
ucac4-444-118477,UCAC4 444-118477,35.2,,302.32585,-1.228971388888889,M5.0V,,14.5,14.3,92.652
ross-145,Ross 145,35.2,,280.49445,31.830526388888888,M2V,0.5,13.1,13,92.613
cwisep-j22562897-4002273,CWISEP J225628.97+400227.3,35.2,,344.1173083333333,40.04166138888889,,0.02,,-0.2,92.592
gliese-3820,Gliese 3820,35.3,,209.79073749999998,-19.835179999999998,M4.5 V,0.2,12.9,12.7,92.469
wise-j2102-4429,WISE J2102-4429,35.3,,315.5006583333334,-44.48875888888889,T9,0.02,,,92.3
2mass-j2228-4310,2MASS J2228-4310,35.4,,337.1204125,-43.173964999999995,T6.5,0.04,,,92.1
gliese-1050,Gliese 1050,35.5,,39.96420833333333,-34.140056666666666,M3,0.4,11.7,11.5,92.003
eggr-381,EGGR 381,35.5,,3.058229166666667,50.419975,DA7.6,0.6,,,91.965
gaia-edr3-881250430700478080,Gaia EDR3 881250430700478080,35.5,,119.66697083333334,32.78852222222222,T2,0.02,,-0.2,91.929
wolf-1478,Wolf 1478,35.5,,217.75297916666668,-12.297869722222222,dM3.5,0.3,11.9,11.7,91.896
ross-594,Ross 594,35.5,,67.6069875,39.847325833333336,M5V,0.2,14,13.8,91.843
gliese-4281,Gliese 4281,35.5,,337.22499166666665,-13.426715555555555,M6.5V,0.1,17.1,17,91.838
gliese-4063,Gliese 4063,35.5,,278.653075,40.12307805555555,M4 V,0.2,,,91.8
lp-847-48,LP 847-48,35.6,,148.848925,-27.262009444444445,M3V,0.4,12.1,11.9,91.737
gliese-3412,Gliese 3412,35.6,,103.5226375,60.86733777777778,M3.0Ve,0.4,,,91.611
v816-her,V* V816 Her,35.7,,280.6873,13.906221111111112,M5V,0.2,12.9,12.7,91.464
2mass-j15345704-1418486,2MASS J15345704-1418486,35.7,,233.73304166666665,-14.31514888888889,M8.6V,,,,91.422
gliese-519,Gliese 519,35.7,,204.37163750000002,35.71750166666667,K7.5Ve,0.7,,,91.388
dn-draconis,DN Draconis,35.7,,252.10795416666667,59.054970555555556,DA4.0,0.7,12.2,12,91.34
lp-851-346,LP 851-346,35.7,,178.92677916666665,-22.417164722222225,M7.5V,0.1,,,91.269
lp-271-25,LP 271-25,35.8,,217.1783,33.17441222222222,M9Ve,0.06,,,91.163
cd-45-1184,CD-45 1184,35.8,,53.230829166666666,-44.70135027777778,M2.5V,0.34,11.5,11.3,91.148
lp-853-12,LP 853-12,35.8,,189.898925,-26.970549444444444,,0.1,,,91.113
wise-j01480725-7202587,WISE J014807.25-720258.7,35.8,,27.030237500000002,-72.04965194444445,T9.5,0.01,,,91.1
gliese-1129,Gliese 1129,35.8,,146.18982499999998,-18.21436361111111,M3.5Ve,0.3,12.5,12.2,90.993
beta-leonis,Beta Leonis,35.9,,177.2649125,14.572058055555555,A3Va,1.78,2.1,1.9,90.91
hd-160346,HD 160346,35.9,,264.8204958333333,3.5552433333333333,K3-V,0.8,6.5,6.3,90.91
2mass-j1624-0029,2MASS J1624+0029,35.9,,246.0598708333333,0.4877269444444444,T6V,,,,90.9
beta-virginis,Beta Virginis,35.9,,177.67715,1.7635186111111112,F9V,1.413,3.6,3.4,90.895
2mass-j12171110-0311131,2MASS J12171110-0311131,35.9,,184.29627083333335,-3.1869930555555555,T7.5,0.03,,,90.8
2mass-j15354167-2225254,2MASS J1535+2225,35.9,,233.92370416666668,22.423815,,0.04,,,90.79
gliese-438,Gliese 438,35.9,,175.83730416666666,-51.842934166666666,M1 D,0.4,10.4,10.2,90.734
ross-1003,Ross 1003,36,,175.43252916666665,42.75157388888889,M4.0Ve,0.34,13.8,13.6,90.69
wisea-j2354-0240,WISEA J2354+0240,36,,358.511625,2.670583333333333,Y1,0.02,,,90.599
eggr-148,EGGR 148,36,,325.6698166666667,20.996591666666667,DQ6,0.5,,,90.545
hd-11507,HD 11507,36.1,,28.208983333333332,-22.434864444444443,M0V,0.6,8.9,8.7,90.417
lp993-115,LP 993-115,36.2,,41.294895833333335,-43.74395583333333,M4,0.3,12.3,12.1,90.177
hd-166620,HD 166620,36.2,,272.4041291666667,38.45569583333334,K2V,0.791,6.4,6.2,90.123
lsr-j1826-3014,LSR J1826+3014,36.2,,276.53406666666666,30.23554027777778,M8.5V,0.08,19.4,19.1,90.086
ogle-blg-ecl-216148,OGLE BLG-ECL-216148,36.2,,269.52331666666663,-34.46576055555556,,0.05,19.3,19.1,90.04
gliese-740,Gliese 740,36.2,,284.49972916666667,5.9026975,M1.0Ve,0.58,9.2,9,90.021
gliese-3069,Gliese 3069,36.2,,15.495625,54.182177777777774,M5,0.2,,,90.013
scr-j0838-5855,SCR J0838-5855,36.2,,129.50851666666668,-58.93430111111111,M6e,0.1,17.2,16.9,89.993
mcc-188,MCC 188,36.3,,283.8646375,8.402201666666667,M3Ve,0.4,10.2,10,89.906
scr-j0717-0501,SCR J0717-0501,36.3,,109.3231125,-5.019386666666667,M3.5V,0.3,13.2,13,89.82
gamma-serpentis,Gamma Serpentis,36.4,,239.11471666666668,15.655912500000001,F6V,1.3,3.8,3.6,89.565
upm-j0812-3529,UPM J0812-3529,36.4,,123.1124375,-35.4954975,DAH,0.63,14.5,14.2,89.506
l-380-8,L 380-8,36.5,,92.72115416666668,-43.4016425,M4e,0.3,12.2,12,89.371
hd-74576,HD 74576,36.5,,130.82342083333333,-38.88086888888889,K3V,0.65,6.6,6.3,89.352
l-762-51,L 762-51,36.5,,206.45990833333335,-17.970680833333333,dM3.5,0.3,11.9,11.6,89.326
l-136-37,L 136-37,36.6,,110.21413333333334,-62.16902111111111,M3,0.4,12.4,12.1,89.197
gliese-173,Gliese 173,36.6,,69.42344166666668,-11.039752222222223,M1V,0.48,10.3,10.1,89.19
ross-508,Ross 508,36.6,,230.96127916666666,17.460359722222222,M4.92,0.177,13,12.8,89.128
eggr-248,EGGR 248,36.6,,87.83168749999999,-0.17152166666666666,DQ8P,,14.6,14.4,89.112
ucac4-608-044702,UCAC4 608-044702,36.6,,130.06767916666666,31.452426388888888,M3.5Ve,0.3,,,89.07
hd-28343,HD 28343,36.6,,67.25019583333334,21.92347527777778,M0.5V,0.6,8.3,8.1,89.055
2mass-j07003664-3157266,2MASS J0700+3157,36.6,,105.15349166666667,31.954629722222222,L3+L6.5,,,,89.018
2mass-j19251275-0700362,2MASS J19251275+0700362,36.6,,291.30337083333336,7.011040833333333,L7,0.03,,,88.997
arcturus,Arcturus,36.7,,213.915325,19.18240916666667,K1.5IIIFe-0.5,1.08,-0.1,-0.3,88.83
gliese-3959,Gliese 3959,36.7,,247.8274583333333,40.86572388888889,M6 V,0.15,,,88.823
g-107-69,G 107-69,36.8,,112.67692916666667,48.193953888888885,M4V,0.3,,,88.723
2mass-j16452211-1319516,2MASS J16452211-1319516,36.8,,251.34040833333333,-13.334776388888889,L1.5,,,,88.697
lp-625-34,LP 625-34,36.8,,250.02572083333334,0.7045341666666666,M5V,0.2,,,88.693
hd-85512,HD 85512,36.8,,147.78221666666664,-43.50488166666667,K6Vk:,0.69,7.7,7.4,88.674
pm-j17189-4131,PM J17189-4131,36.8,,259.726025,-41.53185277777778,M6,0.1,15.9,15.7,88.614
g-3-14,G 3-14,36.9,,25.832208333333334,4.318255277777777,M2V,0.5,10.9,10.6,88.306
lp-938-71,LP 938-71,36.9,,15.720995833333335,-37.62770944444444,M8.0V,,18.6,18.3,88.291
2massi-j1546271-332511,2MASSI J1546271-332511,37.1,,236.6132916666667,-33.41977305555555,T5.7,0.04,,,88
lsr-j0539-4038,LSR J0539+4038,37.1,,84.85715416666667,40.64152333333333,M8.0Ve,,17,16.7,87.975
2mass-j18283572-4849046,2MASS J18283572-4849046,37.1,,277.1488666666666,-48.817955000000005,T6,0.04,,,87.9
eta-bootis,Eta Boötis,37.2,,208.6711875,18.397720833333334,G0IV,1.71,2.7,2.4,87.75
lp-838-16,LP 838-16,37.2,,91.93135,-25.745763611111112,M3,0.4,11.9,11.6,87.702
woh-g-618,WOH G 618,37.2,,88.36040833333333,-71.56206611111111,M6.0 D,,16.9,16.6,87.68
g-34-23,G 34-23,37.2,,20.543054166666668,22.15076111111111,M4.0V C,0.3,,,87.6
2mass-j17545447-1649196,2MASS J17545447+1649196,37.2,,268.72700416666663,16.82213,T5.5 C,0.07,,,87.6
hd-222237,HD 222237,37.3,,354.9079583333333,-72.72542944444444,K3+V,0,7.1,6.8,87.372
v-ot-ser,OT Serpentis,37.3,,230.47097499999998,20.97832222222222,M1.0V,0.55,10,9.7,87.325
gliese-1187,Gliese 1187,37.4,,224.47618749999998,56.6539225,M5.5V,0.1,,,87.203
wise-j22205531-3628174,WISE 2220-3628,37.4,,335.23053749999997,-36.47152694444445,Y0,0.02,,,87.2
ucac2-16493854,UCAC2 16493854,37.5,,288.16784583333333,-36.257738333333336,,0.2,,,87.084
rx-j07131-0511,RX J0713.1-0511,37.5,,108.2966625,-5.1982025,M3Ve,0.4,11.2,10.9,87.007
gliese-3668,Gliese 3668,37.5,,172.78682083333334,-14.962011944444443,M5,0.2,14.2,13.9,86.9
ucac4-427-122653,UCAC4 427-122653,37.5,,326.82388333333336,-4.744613611111111,M4.0V,0.2,14.3,14,86.873
gliese-3189,Gliese 3189,37.6,,44.542625,-12.885,sdM3.0,0.24,12.7,12.4,86.82
2mass-j1246-3139,2MASS J1246-3139,37.6,,191.6235125,-31.6604025,T1,0.07,,,86.817
ross-119,Ross 119,37.6,,178.53325,9.802773333333334,M4.0V,0.3,12.9,12.5,86.779
2mass-j2359-7335,2MASS J2359-7335,37.6,,359.91814999999997,-73.58486194444444,T5.5,0.07,,,86.7
mcc-568,MCC 568,37.6,,153.01947083333332,-2.6847697222222227,M2.5V B,0.4,10.6,10.3,86.65
ross-85,Ross 85,37.7,,145.2901625,13.20892611111111,M2.5V,0.4,10.4,10.1,86.62
v-cc-eri,V* CC Eri,37.7,,38.59439583333333,-43.79765694444444,K7V,0.7,8.9,8.6,86.612
gliese-842,Gliese 842,37.7,,329.9024375,-59.75337277777778,M0.5V,0.58,9.7,9.4,86.561
ssspm-j1358-3938,SSSPM J1358-3938,37.7,,209.53254583333333,-39.63592916666666,M3.5 d,0.3,,,86.54
wise-j06230994-0456246,WISE J0623-0456,37.7,,95.78866666666667,-4.939666666666667,T8,0.013,,,86.5
lawd-79,LAWD 79,37.7,,299.11985,-1.0455475,DA6.4,0.7,13.6,13.2,86.466
2mass-j02511490-0352459,2MASS J02511490-0352459,37.8,,42.8174625,-3.888260277777778,L3,,,,86.293
2mass-j2224-0158,2MASS J2224-0158,37.9,,336.18485416666664,-1.985351111111111,L4.5V,,,-0.3,86.151
scr-j1855-6914,SCR J1855-6914,37.9,,283.95525000000004,-69.2405611111111,M6e D,,16.6,16.3,86.141
wolf-230,Wolf 230,37.9,,76.95544999999998,17.98268333333333,M2V,0.5,,,86.1
v-de-boo,DE Bootis,37.9,,223.34696250000002,19.153760833333333,K0.5V,0.8,,,85.993
l-308-57,L 308-57,38,,95.27758333333333,-49.09274138888889,,0.2,13.3,13,85.91
g-41-8,G 41-8,38,,134.08123750000001,12.66273138888889,M6V C,0.1,14.5,14.1,85.804
lspm-j0602-3910,LSPM J0602+3910,38,,90.62786666666666,39.18069055555555,L1V,,,,85.757
gliese-2106,Gliese 2106,38,,213.30651666666668,-56.741262222222225,M2V: D,0.5,10.2,9.8,85.724
lsr-j2000-3057,LSR J2000+3057,38.1,,300.0257041666667,30.964601666666667,M6Ve,0.1,15.6,15.3,85.676
ssspm-j0829-1309,SSSPM J0829-1309,38.1,,127.13975,-13.155389166666668,L2,0.06,,,85.601
l-623-94,L 623-94,38.2,,230.5562875,-27.82579722222222,M3: E,0.4,13.3,12.9,85.473
cd-35-2213,CD-35 2213,38.2,,79.34426666666667,-35.365923055555555,M4Ve,0.3,11.7,11.3,85.452
2massw-j1506544-132106,2MASSW J1506544+132106,38.2,,226.72151666666664,13.351625277777778,L3,,,,85.425
ross-271,Ross 271,38.2,,332.8769541666667,18.426998611111113,M2V,0.5,10.2,9.9,85.406
g-112-21,G 112-21,38.3,,112.19131666666667,-3.3016469444444443,M3V,0.4,11.5,11.1,85.218
wisea-j12060425-8401105,WISEA J120604.25+840110.5,38.3,,181.51828333333333,84.019635,Y0 C,0.01,,,85.12
l-127-97,L 127-97,38.3,,43.1022125,-63.676991666666666,M2.5,0.4,11.4,11,85.117
cd-28-302,CD-28 302,38.4,,14.622945833333333,-27.858385000000002,M3V,0.4,11.8,11.4,84.979
gaia-edr3-6887029163498137856,Gaia EDR3 6887029163498137856,38.4,,313.91380833333335,-14.037655555555556,,0.3,,,84.856
bd-05-1737,BD-05 1737,38.5,,100.0587625,-5.875749722222222,M2,0.5,10.2,9.9,84.797
g-234-5,G 234-5,38.5,,113.60947916666667,62.940999999999995,M0V,0.6,,,84.7
hd-125072,HD 125072,38.6,,214.766175,-59.38264083333333,K3IV,0.806,6.7,6.3,84.603
wolf-918,Wolf 918,38.6,,317.3258916666667,-13.311372222222223,M1V C,0.44,10.9,10.5,84.44
2mass-j1425-3650,2MASS J1425-3650,38.6,,216.36503749999997,-36.84187777777778,L4 C,0.05,,,84.422
gaia-edr3-558611490995613056,Gaia EDR3 558611490995613056,38.6,,30.479945833333336,73.54177194444445,,0.1,,,84.394
gaia-edr3-4269379774976572160,Gaia EDR3 4269379774976572160,38.6,,286.95042083333334,4.287781111111111,,0.02,,,84.388
wt-392,WT 392,38.7,,198.28275,-41.510936111111114,M5,0.2,,,84.314
eggr-375,EGGR 375,38.7,,289.7444791666667,38.721514444444445,DC7 C,,,,84.244
g-123-45,G 123-45,38.7,,189.11737916666667,35.19971555555555,M4.5V,0.2,,,84.222
gliese-3126,Gliese 3126,38.8,,30.394679166666663,63.76957861111111,M2.5Ve,0.44,,,84.055
lp-276-22,LP 276-22,38.8,,251.62931666666665,34.580290277777785,M6.0V,,,,84.008
lp-415-302,LP 415-302,38.8,,69.88142083333334,16.2583975,M5.5Ve,0.1,15.7,15.4,83.995
ross-46,Ross 46,38.8,,83.7166375,13.877879166666666,M3V,0.33,,,83.971
lambda-serpentis,Lambda Serpentis,38.9,,236.60990833333335,7.352758611111111,G0-V,1.14,4.4,4,83.921
g-109-55,G 109-55,38.9,,109.08222916666666,27.141645555555556,M3V,0.4,,,83.876
g-184-31,G 184-31,38.9,,282.4764666666667,18.67338861111111,M4.5V,0.2,,,83.786
v*-ds-leo,DS Leonis,38.9,,165.66046666666668,21.966909166666664,M1.0V,0.58,9.6,9.2,83.764
wise-0647−6232,WISE 0647−6232,39,,101.84677916666666,-62.54319888888889,Y1,0.015,,,83.73
gliese-180,Gliese 180,39,,73.46019166666666,-17.77628361111111,M3 Vc,0.39,10.9,10.5,83.69
ucac4-439-049099,UCAC4 439-049099,39,,140.4513625,-2.328676388888889,M2.5V,0.4,12.1,11.7,83.678
l-504-27,L 504-27,39,,354.2244625,-36.480760833333335,M4,0.3,13.7,13.3,83.676
gliese-96,Gliese 96,39,,35.56245833333333,47.88021333333334,M0V,0.57,,,83.661
lspm-j1731-2721,LSPM J1731+2721,39,,262.8734958333333,27.355330000000002,L0 D,0.07,,,83.654
g-208-42,G 208-42,39.1,,297.790025,46.48457361111111,M4.0V,0.3,,,83.494
wt-2458,WT 2458,39.2,,146.49191249999998,-32.89101861111111,M4.5,0.2,14.1,13.7,83.25
ross-149,Ross 149,39.2,,279.08096666666665,13.608565277777778,M4V,0.3,12.5,12.1,83.144
wolf-654,Wolf 654,39.3,,257.89601250000004,38.442545555555554,M4V,0.36,,,83.069
scr-j1746-3214,SCR J1746-3214,39.3,,266.6705208333333,-32.23412638888889,M5.1V,0.12,15.6,15.2,82.98
g-247-15,G 247-15,39.3,,63.076037500000005,64.73018083333334,M4,0.3,,,82.903
bd-44-3567,Gliese 806,39.3,,311.26978749999995,44.50027277777778,M1.5 V,0.44,10.7,10.3,82.89
l-570-29,L 570-29,39.4,,324.6875,-33.66763888888889,M4,0.3,12.6,12.2,82.677
g-221-5,G 221-5,39.5,,47.771962499999994,73.76736027777778,M6,0.1,,,82.661
2mass-j0914-4134,2MASS J0914-4134,39.6,,138.569375,-41.574801944444445,,0.1,15,14.6,82.46
lp-335-12,LP 335-12,39.6,,279.88827499999996,29.87025722222222,M6.5Ve,0.1,18.2,17.8,82.356
gliese-192,Gliese 192,39.6,,78.17729166666668,19.66672527777778,M0V C,0.6,10.7,10.3,82.31
2mass-j00470038-6803543,2MASS J00470038+6803543,39.6,,11.7516125,68.06510194444444,L9pec,0.02,,,82.3
hd-72673,HD 72673,39.7,,128.20879166666668,-31.497463055555556,K1V,0.75,6.4,5.9,82.208
g-32-5,G 32-5,39.7,,3.9580333333333333,13.557663055555556,M3V,0.241,12.6,12.2,82.194
l-425-35,L 425-35,39.7,,322.70480416666663,-40.7143875,M4V,0.3,13.2,12.8,82.092
g-177-25,G 177-25,39.8,,197.54842499999998,47.752447777777775,M5.0V,0.2,,,82.039
2mass-j06244595-4521548,2MASS J0624-4521,39.8,,96.19124166666667,-45.363528333333335,L6.5,0.03,,,82.025
wt-1827,WT 1827,39.8,,160.753,-9.209721666666667,M5.5V,0.1,15.1,14.7,82.001
gliese-1210,Gliese 1210,39.8,,256.92025416666667,7.368537777777777,M5V C,0.2,,,82
gaia-edr3-4039831777499368960,Gaia EDR3 4039831777499368960,39.9,,266.7535666666667,-37.69815277777777,,0.02,,,81.77
l-18-22,L 18-22,39.9,,185.14034583333336,-82.4326513888889,M4,0.3,12.2,11.7,81.75
g-181-39,G 181-39,39.9,,259.9713625,41.71011694444445,M2V,0.5,,,81.739
g-182-36,G 182-36,39.9,,270.6937541666667,37.51241777777778,dM5.0,,,,81.739
l-228-92,L 228-92,40,,54.734075,-52.56861583333334,M4.5,0.2,14.4,14,81.61
lp-292-67,LP 292-67,40,,5.1282625,33.08128055555556,M5.5V,0.1,,,81.572
gliese-3707,Gliese 3707,40,,182.52308333333335,-15.074546944444444,M3.5 V,0.3,12.1,11.6,81.57
lawd-34,LAWD 34,40,,164.39275416666666,-7.522698888888889,DA5n,0.7,14.3,13.9,81.508
hd-37394,V538 Aurigae,40,,85.33476666666667,53.47873138888889,K1,0.871,6.2,5.8,81.499
hd-233153,HD 233153,40,,85.37809583333333,53.48750972222222,M1.0V,0.5,,,81.464
zeta-herculis-a,Zeta Herculis A,35,,250.32150416666667,31.60271861111111,F9 IV,1.45,2.8,2.7,93.32
zeta-herculis-b,Zeta Herculis B,35,,250.32150416666667,31.60271861111111,G7 V,0.98,2.8,,93.32
gliese-669-a,Gliese 669 A,35.076,,259.9748333333333,26.502411944444443,M3.5V,0.3,11.3,11.2,92.986
gliese-669-b,Gliese 669 B,35.076,,259.9748333333333,26.502411944444443,M4.5V,0.2,11.3,11.2,92.986
gliese-86-a,Gliese 86 A,35.099,,32.62296666666666,-50.820905833333335,K1V,0.88,6.1,5.9,92.925
gliese-86-b,Gliese 86 B,35.099,,32.62296666666666,-50.820905833333335,DQ6,0.49,6.1,-0.2,92.925
gliese-617-a,Gliese 617 A,35.117,,244.17241666666666,67.23921583333333,M0Ve,0.6,,,92.877
gliese-617-b,Gliese 617 B,35.117,,244.17241666666666,67.23921583333333,M3.0Ve,0.4,,,92.877
hr-9038-aa,HR 9038 Aa,35.54,,358.1114083333334,75.54465555555555,K3V,0.7,11.7,11.5,91.772
hr-9038-ab,HR 9038 Ab,35.54,,358.1114083333334,75.54465555555555,K3V,0.67,11.7,11.5,91.772
hr-9038-b,HR 9038 B,35.54,,358.1114083333334,75.54465555555555,M2,0.5,11.7,11.5,91.772
delta-trianguli-a,Delta Trianguli A,35.587,,34.26965416666667,34.22313611111111,G0.5V,1,,,91.65
delta-trianguli-b,Delta Trianguli B,35.587,,34.26965416666667,34.22313611111111,K4,0.7,,,91.65
gliese-228-a,Gliese 228 A,35.587,,92.7283875,10.318054166666666,M2.5V,0.4,10.4,10.2,91.65
gliese-228-b,Gliese 228 B,35.587,,92.7283875,10.318054166666666,M2.5V,0.08,10.4,10.2,91.65
gliese-9492-a,Gliese 9492 A,35.654,,220.5866375,66.05561861111111,M3 V,0.41,10.7,10.5,91.479
gliese-9492-b,Gliese 9492 B,35.654,,220.5866375,66.05561861111111,L0,0.07,16,15.8,91.479
hd-115404-a,HD 115404 A,35.834,,199.21570416666668,17.016001666666668,K2V,0.7,6.7,6.5,91.018
hd-115404-b,HD 115404 B,35.834,,199.21570416666668,17.016001666666668,M0.5 V,0.542,6.7,,91.018
wolf-1561-a,Wolf 1561 A,36.044,,334.3269875,-8.804702777777779,M4V,0.3,,,90.489
wolf-1561-b,Wolf 1561 B,36.044,,334.3269875,-8.804702777777779,M5V,0.2,,,90.489
54-piscium-a,54 Piscium A,36.23,,9.838666666666667,21.248833055555558,K0 V,0.76,5.9,5.7,90.025
54-piscium-b,54 Piscium B,36.23,,9.838666666666667,21.248833055555558,T7.5,0.051,5.9,-0.2,90.025
theta-persei-a,Theta Persei A,36.367,,41.05222916666666,49.228051944444445,F8V,1.138,4.1,3.9,89.685
theta-persei-b,Theta Persei B,36.367,,41.05222916666666,49.228051944444445,M1.5V,0.521,9.9,9.6,89.685
bd-47-2112-a,BD+47 2112 A,36.4,,210.641825,46.33971666666667,M2V,0.5,,,89.602
bd-47-2112-b,BD+47 2112 B,36.4,,210.641825,46.33971666666667,M2.5V,0.4,,,89.602
11-leonis-minoris-a,11 Leonis Minoris A,36.643,,143.9106375,35.80898111111111,G8Va,0.964,5.3,5.1,89.009
11-leonis-minoris-b,11 Leonis Minoris B,36.643,,143.9106375,35.80898111111111,M4,0.23,5.3,,89.009
pm-j19515-3510-a,PM J19515-3510 A,36.976,,297.9013958333333,-35.17664555555555,M4 D,0.4,,,88.207
pm-j19515-3510-b,PM J19515-3510 B,36.976,,297.9013958333333,-35.17664555555555,M4 D,0.2,,,88.207
ross-52-a,Ross 52 A,37.274,,223.46083333333334,23.556241111111113,M3V,0.4,11.7,11.4,87.501
ross-52-b,Ross 52 B,37.274,,223.46083333333334,23.556241111111113,M4,0.2,11.7,11.4,87.501
gliese-3417-a,Gliese 3417 A,37.476,,104.49100416666667,62.319720000000004,M6 V,0.16,,,87.031
gliese-3417-b,Gliese 3417 B,37.476,,104.49100416666667,62.319720000000004,M5 V,0.12,,,87.031
gliese-494-a,Gliese 494 A,37.532,,195.19115416666665,12.375595,M0V,0.511,9.8,9.4,86.901
gliese-494-b,Gliese 494 B,37.532,,195.19115416666665,12.375595,M7V,0.09,9.8,,86.901
gliese-494-c,ULAS J130041.74+122114.7,37.532,,195.19115416666665,12.375595,T8.5p,0.01,,,86.901
ads-48-a,ADS 48 A,37.575,,1.4266208333333334,45.81137388888889,K6V C,0.5,8.8,8.5,86.8
ads-48-b,ADS 48 B,37.575,,1.4266208333333334,45.81137388888889,M0.5V,0.53,9,8.7,86.8
ads-48-f,ADS 48 F,37.575,,1.4266208333333334,45.81137388888889,M2Ve,0.49,8.8,-0.3,86.8
hd-75632-a,HD 75632 A,37.77,,133.83536249999997,70.79295083333334,M1V,0.6,8.9,8.6,86.354
hd-75632-b,HD 75632 B,37.77,,133.83536249999997,70.79295083333334,M1V,0.5,8.9,8.6,86.354
l-43-72-a,L 43-72 A,38.087,,272.81496250000004,-78.98833527777778,M4.5 D,0.1,,,85.634
l-43-72-b,L 43-72 B,38.087,,272.81496250000004,-78.98833527777778,M4.5 D,0.1,,,85.634
zeta-doradus-a,Zeta Doradus A,38.137,,76.3774875,-57.47218055555556,F9VFe-0.5,1.07,4.7,4.4,85.523
zeta-doradus-b,Zeta Doradus B,38.137,,76.3774875,-57.47218055555556,F9VFe-0.5,0.53,8.9,8.6,85.523
gliese-572-a,Gliese 572 A,38.186,,225.23299583333335,45.42773305555556,M0V,0.6,,,85.412
gliese-572-b,Gliese 572 B,38.186,,225.23299583333335,45.42773305555556,K7V,0.7,,,85.412
gliese-414-a,Gliese 414 A,38.747,,167.77460416666668,30.44514138888889,K7V,0.65,8.9,8.5,84.177
gliese-414-b,Gliese 414 B,38.747,,167.77460416666668,30.44514138888889,M2V,0.5,10,9.6,84.177
bug-5-a,BUG 5 A,39.022,,256.8480333333333,-5.9735925000000005,M9Ve,0.06,,,83.582
bug-5-b,BUG 5 B,39.022,,256.8480333333333,-5.9735925000000005,L3 C,,,,83.582
gamma-virginis-a,Gamma Virginis A,39.205,,190.41245416666666,-1.4490230555555557,F1-F2V,1.56,3.4,3,83.193
gamma-virginis-b,Gamma Virginis B,39.205,,190.41245416666666,-1.4490230555555557,F0mF2V,1.5,3.5,3.1,83.193
zeta-trianguli-australis-a,Zeta Trianguli Australis A,39.358,,247.11989583333332,-70.08390972222222,F9V,1.12,4.9,4.5,82.87
zeta-trianguli-australis-b,Zeta Trianguli Australis B,39.358,,247.11989583333332,-70.08390972222222,F9V,0.4,4.9,-0.4,82.87
hd-99279-a,HD 99279 A,39.52,,171.16830416666667,-61.64758666666667,K5-V,0.79,7.5,7.1,82.53
hd-99279-b,HD 99279 B,39.52,,171.16830416666667,-61.64758666666667,K7,0.62,8.6,8.3,82.53
l-34-26,L 34-26,35.519,,117.3008625,-76.70272277777778,M3Ve,0.3,11.3,11.1,91.826
l-34-26-b,WISE 0751-7634,35.519,,117.3008625,-76.70272277777778,T9 C,0.02,,,91.826
cd-56-1032a,CD-56 1032A,36.172,,73.381025,-55.85996527777778,M3Ve,0.4,10.8,10.6,90.168
cd-56-1032a-b,CD-56 1032B,36.172,,73.381025,-55.85996527777778,M4Ve,0.3,13.9,13.7,90.168
gliese-4048,Gliese 4048,37.059,,274.5155416666667,38.77115777777777,M3V,0.32,11.9,11.6,88.011
gliese-4048-b,Gliese 4049,37.059,,274.5155416666667,38.77115777777777,M4V,0.3,13.5,13.2,88.011
v2689-orionis,V2689 Orionis,37.262,,84.12913333333333,11.327618333333334,K6V C,0.646,8.9,8.6,87.53
v2689-orionis-b,PM J05366+1117,37.262,,84.12913333333333,11.327618333333334,M4.0V,0.3,12.6,12.3,87.53
delta-capricorni,Delta Capricorni Aa,37.951,,326.7613958333334,-16.12860722222222,A7m III,2,2.8,2.5,85.941
delta-capricorni-ab,Delta Capricorni Ab,37.951,,326.7613958333334,-16.12860722222222,,,,,85.941
delta-capricorni-b,Delta Capricorni Ab,37.951,,326.7613958333334,-16.12860722222222,K/G,0.73,,,85.941
l-645-74,L 645-74,38.654,,339.60279583333335,-29.355050833333333,M2,0.4,11,10.6,84.378
l-645-74-b,L 645-73,38.654,,339.60279583333335,-29.355050833333333,M3.5,0.3,13.6,13.2,84.378
g-236-1,G 236-1,38.677,,145.6364458333333,70.03267416666667,M2.5V,0.4,10.6,10.2,84.328
g-236-1-b,G 236-2,38.677,,145.6364458333333,70.03267416666667,M3.5V,0.3,,,84.328
eggr-438,EGGR 438,38.685,,207.00533750000002,23.580123333333333,DC9,0.6,,,84.311
eggr-438-b,LP 380-6,38.685,,207.00533750000002,23.580123333333333,M5V,0.1,,,84.311
iota-pegasi,Iota Pegasi A,38.826,,331.754225,25.345220833333332,F5V,1.33,3.8,3.4,84.005
iota-pegasi-b,Iota Pegasi B,38.826,,331.754225,25.345220833333332,G8V,0.82,,,84.005
ucac4-203-192840,UCAC4 203-192840,38.894,,340.081075,-49.51714694444444,M5.5,0.1,14.4,14,83.858
ucac4-203-192840-b,UCAC4 203-192841,38.894,,340.081075,-49.51714694444444,,0.1,,,83.858
eggr-52,EGGR 52 A,39.07,,112.69715416666668,48.17405888888889,DA+DA,0.6,,,83.48
eggr-52-b,EGGR 52 B,39.07,,112.69715416666668,48.17405888888889,DA,0.6,,,83.48
g-148-47,G 148-47,39.078,,185.36039166666666,30.642659444444444,M4.5e,0.2,,,83.463
g-148-47-b,G 148-48,39.078,,185.36039166666666,30.642659444444444,M5,0.2,,,83.463
vv-lyncis,VV Lyncis A,39.117,,112.98912916666666,36.218376944444444,M2.5V C,0.4,11.7,11.3,83.379
vv-lyncis-b,VV Lyncis B,39.117,,112.98912916666666,36.218376944444444,,0.2,,,83.379
vv-lyncis-c,VV Lyncis C,39.117,,112.98912916666666,36.218376944444444,M4.0V,0.3,11.7,11.3,83.379
zeta-reticuli,Zeta Reticuli A,39.285,,49.4552875,-62.572432500000005,G2.5VHdel1,0.958,5.5,5.1,83.024
zeta-reticuli-b,Zeta Reticuli B,39.285,,49.4552875,-62.572432500000005,G1V,0.985,5.2,4.8,83.024
